USE VLCMS;
INSERT INTO OWNER (Owner_Id, Name, Phone_No, Email_Id, Address, Gender) VALUES
(1, 'Rohit Sharma', '9876543210', 'rohit.sharma@example.com', 'Mumbai, Maharashtra', 'Male'),
(2, 'Aditi Rao', '9988776655', 'aditi.rao@example.com', 'Bengaluru, Karnataka', 'Female'),
(3, 'Karan Singh', '9123456780', 'karan.singh@example.com', 'Delhi, NCR', 'Male'),
(4, 'Sneha Patil', '9012345678', 'sneha.patil@example.com', 'Pune, Maharashtra', 'Female'),
(5, 'Arun Kumar', '9345678123', 'arun.kumar@example.com', 'Hyderabad, Telangana', 'Male'),
(6, 'Priya Nair', '9871203456', 'priya.nair@example.com', 'Kochi, Kerala', 'Female'),
(7, 'Vivek Shetty', '9765432180', 'vivek.shetty@example.com', 'Mangaluru, Karnataka', 'Male'),
(8, 'Megha Reddy', '9081726354', 'megha.reddy@example.com', 'Chennai, Tamil Nadu', 'Female'),
(9, 'Sandeep Das', '9234567891', 'sandeep.das@example.com', 'Bhubaneswar, Odisha', 'Male'),
(10, 'Ritika Jain', '9812340987', 'ritika.jain@example.com', 'Jaipur, Rajasthan', 'Female'),
(11, 'Aman Verma', '9098765432', 'aman.verma@example.com', 'Lucknow, Uttar Pradesh', 'Male'),
(12, 'Divya Gupta', '9887766554', 'divya.gupta@example.com', 'Indore, Madhya Pradesh', 'Female'),
(13, 'Harish Yadav', '9865321479', 'harish.yadav@example.com', 'Delhi, NCR', 'Male'),
(14, 'Kavya Iyer', '9321457680', 'kavya.iyer@example.com', 'Chennai, Tamil Nadu', 'Female'),
(15, 'Nikhil Joshi', '9876543001', 'nikhil.joshi@example.com', 'Nagpur, Maharashtra', 'Male'),
(16, 'Pooja Roy', '9745632109', 'pooja.roy@example.com', 'Kolkata, West Bengal', 'Female'),
(17, 'Ashwin Gowda', '9845123670', 'ashwin.gowda@example.com', 'Bengaluru, Karnataka', 'Male'),
(18, 'Simran Kaur', '9988001122', 'simran.kaur@example.com', 'Amritsar, Punjab', 'Female'),
(19, 'Rahul Chatterjee', '9823456709', 'rahul.chatterjee@example.com', 'Kolkata, West Bengal', 'Male'),
(20, 'Geeta Mishra', '9797979797', 'geeta.mishra@example.com', 'Varanasi, UP', 'Female'),
(21, 'Varun Kulkarni', '9876541230', 'varun.kulkarni@example.com', 'Pune, Maharashtra', 'Male'),
(22, 'Maya Shankar', '9810011223', 'maya.shankar@example.com', 'Delhi, NCR', 'Female'),
(23, 'Suhas Rao', '9900887766', 'suhas.rao@example.com', 'Mysuru, Karnataka', 'Male'),
(24, 'Naina Kapoor', '9812345670', 'naina.kapoor@example.com', 'Mumbai, Maharashtra', 'Female'),
(25, 'Jatin Malhotra', '9876001234', 'jatin.malhotra@example.com', 'Chandigarh', 'Male'),
(26, 'Roshni Menon', '9898123456', 'roshni.menon@example.com', 'Kochi, Kerala', 'Female'),
(27, 'Suraj Shewale', '9867542310', 'suraj.shewale@example.com', 'Nashik, Maharashtra', 'Male'),
(28, 'Tanvi Ghosh', '9877612345', 'tanvi.ghosh@example.com', 'Kolkata, West Bengal', 'Female'),
(29, 'Parth Desai', '9822012345', 'parth.desai@example.com', 'Ahmedabad, Gujarat', 'Male'),
(30, 'Alisha Baig', '9900123445', 'alisha.baig@example.com', 'Hyderabad, Telangana', 'Female'),
(31, 'Shivam Pandey', '9845098765', 'shivam.pandey@example.com', 'Kanpur, UP', 'Male'),
(32, 'Ananya Mukherjee', '9811122334', 'ananya.mukherjee@example.com', 'Kolkata, West Bengal', 'Female'),
(33, 'Rohan Naik', '9001122334', 'rohan.naik@example.com', 'Goa', 'Male'),
(34, 'Keerthi Ramesh', '9090908080', 'keerthi.ramesh@example.com', 'Chennai, TN', 'Female'),
(35, 'Abhay Sinha', '9812333444', 'abhay.sinha@example.com', 'Patna, Bihar', 'Male'),
(36, 'Lavanya Rao', '9638527410', 'lavanya.rao@example.com', 'Vijayawada, AP', 'Female'),
(37, 'Sahil Arora', '9872233445', 'sahil.arora@example.com', 'Delhi, NCR', 'Male'),
(38, 'Deepa Pillai', '9798989898', 'deepa.pillai@example.com', 'Trivandrum, Kerala', 'Female'),
(39, 'Aditya Shastri', '9898899001', 'aditya.shastri@example.com', 'Bengaluru, Karnataka', 'Male'),
(40, 'Meera Chakraborty', '9112233445', 'meera.chakraborty@example.com', 'Kolkata, WB', 'Female'),
(41, 'Kunal Pradhan', '9933445566', 'kunal.pradhan@example.com', 'Bhubaneswar, Odisha', 'Male'),
(42, 'Harini Murthy', '9876767676', 'harini.murthy@example.com', 'Chennai, TN', 'Female'),
(43, 'Dev Patel', '9822456789', 'dev.patel@example.com', 'Surat, Gujarat', 'Male'),
(44, 'Aisha Rahman', '9815566778', 'aisha.rahman@example.com', 'Hyderabad, TS', 'Female'),
(45, 'Ritik Sharma', '9100112233', 'ritik.sharma@example.com', 'Jaipur, Rajasthan', 'Male'),
(46, 'Sahana Rao', '9009988776', 'sahana.rao@example.com', 'Mangaluru, Karnataka', 'Female'),
(47, 'Prateek Jain', '9055667788', 'prateek.jain@example.com', 'Indore, MP', 'Male'),
(48, 'Shruti Deshpande', '9866112233', 'shruti.deshpande@example.com', 'Pune, Maharashtra', 'Female'),
(49, 'Umesh Bhat', '9833445566', 'umesh.bhat@example.com', 'Udupi, Karnataka', 'Male'),
(50, 'Neha Verma', '9099776655', 'neha.verma@example.com', 'Delhi, NCR', 'Female'),
(51, 'Yash Kulkarni', '9876543201', 'yash.kulkarni@example.com', 'Pune, Maharashtra', 'Male'),
(52, 'Isha Soni', '9988771100', 'isha.soni@example.com', 'Mumbai, Maharashtra', 'Female'),
(53, 'Ravi Shankar', '9123409876', 'ravi.shankar@example.com', 'Chennai, Tamil Nadu', 'Male'),
(54, 'Madhuri Singh', '9765409876', 'madhuri.singh@example.com', 'Lucknow, UP', 'Female'),
(55, 'Karthik Menon', '9832109876', 'karthik.menon@example.com', 'Kochi, Kerala', 'Male'),
(56, 'Rajni Gupta', '9012348888', 'rajni.gupta@example.com', 'Jaipur, Rajasthan', 'Female'),
(57, 'Vikas Reddy', '9445566778', 'vikas.reddy@example.com', 'Hyderabad, TS', 'Male'),
(58, 'Charu Khanna', '9888709876', 'charu.khanna@example.com', 'Delhi, NCR', 'Female'),
(59, 'Dinesh Kumar', '9877701234', 'dinesh.kumar@example.com', 'Bengaluru, Karnataka', 'Male'),
(60, 'Smriti Pillai', '9898901234', 'smriti.pillai@example.com', 'Mumbai, Maharashtra', 'Female'),
(61, 'Jayesh Shah', '9870012345', 'jayesh.shah@example.com', 'Surat, Gujarat', 'Male'),
(62, 'Manisha Das', '9812312345', 'manisha.das@example.com', 'Kolkata, WB', 'Female'),
(63, 'Sourabh Yadav', '9898012345', 'sourabh.yadav@example.com', 'Delhi, NCR', 'Male'),
(64, 'Rekha Shetty', '9845012345', 'rekha.shetty@example.com', 'Mangaluru, Karnataka', 'Female'),
(65, 'Akhil Nair', '9812212345', 'akhil.nair@example.com', 'Trivandrum, Kerala', 'Male'),
(66, 'Vidya Rane', '9877712345', 'vidya.rane@example.com', 'Goa', 'Female'),
(67, 'Rohit Bansal', '9812299999', 'rohit.bansal@example.com', 'Delhi, NCR', 'Male'),
(68, 'Pallavi Rao', '9512345678', 'pallavi.rao@example.com', 'Bengaluru, Karnataka', 'Female'),
(69, 'Tarun Garg', '9822001122', 'tarun.garg@example.com', 'Chandigarh', 'Male'),
(70, 'Nidhi Mishra', '9001122110', 'nidhi.mishra@example.com', 'Lucknow, UP', 'Female'),
(71, 'Suresh Iyer', '9223344556', 'suresh.iyer@example.com', 'Chennai, TN', 'Male'),
(72, 'Ritu Sharma', '9988997766', 'ritu.sharma@example.com', 'Pune, Maharashtra', 'Female'),
(73, 'Sanjay Raut', '9998887766', 'sanjay.raut@example.com', 'Mumbai, Maharashtra', 'Male'),
(74, 'Kritika Sinha', '8899776655', 'kritika.sinha@example.com', 'Patna, Bihar', 'Female'),
(75, 'Irfan Khan', '9876655443', 'irfan.khan@example.com', 'Hyderabad, TS', 'Male'),
(76, 'Anjali Patil', '8887766554', 'anjali.patil@example.com', 'Kolhapur, Maharashtra', 'Female'),
(77, 'Bhavesh Gohil', '9225566778', 'bhavesh.gohil@example.com', 'Ahmedabad, Gujarat', 'Male'),
(78, 'Poonam Yadav', '7568901234', 'poonam.yadav@example.com', 'Varanasi, UP', 'Female'),
(79, 'Keshav Nayak', '8989891234', 'keshav.nayak@example.com', 'Udupi, Karnataka', 'Male'),
(80, 'Monika Rao', '9800112233', 'monika.rao@example.com', 'Mysuru, Karnataka', 'Female'),
(81, 'Akshay Mehta', '9011122233', 'akshay.mehta@example.com', 'Delhi, NCR', 'Male'),
(82, 'Harpreet Kaur', '9876611223', 'harpreet.kaur@example.com', 'Amritsar, Punjab', 'Female'),
(83, 'Sagar Jadhav', '9133445566', 'sagar.jadhav@example.com', 'Pune, Maharashtra', 'Male'),
(84, 'Neeta Shewale', '9088776655', 'neeta.shewale@example.com', 'Nashik, Maharashtra', 'Female'),
(85, 'Zaid Ansari', '9823459087', 'zaid.ansari@example.com', 'Mumbai, Maharashtra', 'Male'),
(86, 'Rupali Desai', '9877987654', 'rupali.desai@example.com', 'Ahmedabad, Gujarat', 'Female'),
(87, 'Tejas Harin', '9765430098', 'tejas.harin@example.com', 'Bengaluru, Karnataka', 'Male'),
(88, 'Shalini Krishnan', '9898123490', 'shalini.krishnan@example.com', 'Chennai, TN', 'Female'),
(89, 'Mukesh Rana', '9423345566', 'mukesh.rana@example.com', 'Indore, MP', 'Male'),
(90, 'Bhavana Shetty', '9812347722', 'bhavana.shetty@example.com', 'Mangaluru, Karnataka', 'Female'),
(91, 'Anup Patel', '9898981113', 'anup.patel@example.com', 'Surat, Gujarat', 'Male'),
(92, 'Sushma Sen', '9988112233', 'sushma.sen@example.com', 'Kolkata, West Bengal', 'Female'),
(93, 'Ajay Kumar', '9877001122', 'ajay.kumar@example.com', 'Delhi, NCR', 'Male'),
(94, 'Sonia Mehra', '9812344422', 'sonia.mehra@example.com', 'Mumbai, Maharashtra', 'Female'),
(95, 'Girish Pai', '9900114455', 'girish.pai@example.com', 'Udupi, Karnataka', 'Male'),
(96, 'Varsha Nair', '9822998877', 'varsha.nair@example.com', 'Kochi, Kerala', 'Female'),
(97, 'Harsh Vardhan', '8765432109', 'harsh.vardhan@example.com', 'Delhi, NCR', 'Male'),
(98, 'Puja Rathod', '9088112233', 'puja.rathod@example.com', 'Ahmedabad, Gujarat', 'Female'),
(99, 'Saif Sheikh', '9988223344', 'saif.sheikh@example.com', 'Hyderabad, TS', 'Male'),
(100, 'Vaishnavi Kulkarni', '9877123456', 'vaishnavi.kulkarni@example.com', 'Pune, Maharashtra', 'Female');


INSERT INTO VEHICLES (Vehicle_Id, Reg_Num, Make, Model, Year, Milage, Owner_Id) VALUES
(1, 'MH12AB1234', 'Maruti Suzuki', 'Swift', 2018, 45000, 1),
(2, 'KA03MN8899', 'Hyundai', 'Creta', 2020, 38000, 2),
(3, 'DL01CQ5566', 'Honda', 'City', 2017, 62000, 3),
(4, 'TN09BD2345', 'Tata', 'Nexon', 2021, 29000, 4),
(5, 'TS10FG9988', 'Mahindra', 'Scorpio', 2019, 75000, 5),
(6, 'KL07KL1122', 'Kia', 'Seltos', 2020, 41000, 6),
(7, 'KA19HG7788', 'Toyota', 'Innova Crysta', 2016, 98000, 7),
(8, 'TN14ML3344', 'Hyundai', 'i20', 2019, 52000, 8),
(9, 'OD05AS9090', 'Maruti Suzuki', 'Baleno', 2021, 25000, 9),
(10, 'RJ14CC8822', 'Hyundai', 'Venue', 2022, 19000, 10),

(11, 'UP32FG6677', 'Toyota', 'Fortuner', 2018, 83000, 11),
(12, 'MP09KL4455', 'Honda', 'Amaze', 2020, 36000, 12),
(13, 'DL09FG3344', 'Hyundai', 'Verna', 2017, 59000, 13),
(14, 'TN06BA7788', 'Tata', 'Harrier', 2021, 31000, 14),
(15, 'MH01PQ9900', 'Mahindra', 'XUV500', 2016, 102000, 15),
(16, 'WB24TR5566', 'Maruti Suzuki', 'Dzire', 2018, 48000, 16),
(17, 'KA04MG6789', 'Kia', 'Carens', 2022, 22000, 17),
(18, 'PB02JK3344', 'Honda', 'Jazz', 2019, 53000, 18),
(19, 'WB20AD7788', 'Hyundai', 'Elantra', 2015, 84000, 19),
(20, 'UP65BD2233', 'Toyota', 'Etios', 2017, 69500, 20),

(21, 'MH14AC9988', 'Tata', 'Altroz', 2021, 26000, 21),
(22, 'DL05HJ3366', 'Honda', 'Civic', 2016, 91000, 22),
(23, 'KA02CD6677', 'Mahindra', 'Thar', 2022, 15000, 23),
(24, 'MH12KM4455', 'Hyundai', 'Aura', 2020, 45000, 24),
(25, 'CH01MN1122', 'Maruti Suzuki', 'Ertiga', 2019, 57000, 25),
(26, 'KL08NP8899', 'Toyota', 'Yaris', 2019, 39000, 26),
(27, 'MH15ED2233', 'Renault', 'Kwid', 2018, 44000, 27),
(28, 'WB17PG7788', 'Tata', 'Tiago', 2021, 30000, 28),
(29, 'GJ05LR5566', 'Hyundai', 'Tucson', 2017, 68000, 29),
(30, 'TS07DD9988', 'Mahindra', 'Bolero', 2018, 92000, 30),

(31, 'UP14AK5500', 'Honda', 'WR-V', 2020, 32000, 31),
(32, 'WB10PQ8899', 'Maruti Suzuki', 'WagonR', 2019, 37000, 32),
(33, 'GA03TR1234', 'Kia', 'Sonet', 2021, 24000, 33),
(34, 'TN11MK4455', 'Hyundai', 'i10 Nios', 2022, 18000, 34),
(35, 'BR01AP9988', 'Mahindra', 'Marazzo', 2019, 59000, 35),
(36, 'AP09GH6677', 'Toyota', 'Camry', 2016, 87000, 36),
(37, 'DL02CC8899', 'Tata', 'Punch', 2022, 15000, 37),
(38, 'KL03BG2233', 'Honda', 'City Hybrid', 2022, 12000, 38),
(39, 'KA41DM7788', 'Hyundai', 'Alcazar', 2021, 27000, 39),
(40, 'WB11RR9900', 'Maruti Suzuki', 'Ciaz', 2018, 62000, 40),

(41, 'OD01AD3344', 'Mahindra', 'XUV700', 2021, 35000, 41),
(42, 'TN02GH5566', 'Hyundai', 'Santro', 2019, 43000, 42),
(43, 'GJ27BD7788', 'Toyota', 'Glanza', 2020, 38000, 43),
(44, 'TS09PQ2233', 'Honda', 'BR-V', 2018, 62000, 44),
(45, 'HR26MK9988', 'Mercedes-Benz', 'C-Class', 2017, 71000, 45),
(46, 'KA51WU8899', 'BMW', 'X1', 2016, 82000, 46),
(47, 'MP04LK5566', 'Audi', 'A4', 2018, 69000, 47),
(48, 'MH31DG6677', 'Volvo', 'XC40', 2020, 33000, 48),
(49, 'KA09PL7788', 'Jeep', 'Compass', 2019, 52000, 49),
(50, 'UP78CC9900', 'Skoda', 'Rapid', 2018, 60000, 50),

(51, 'MH27AB1122', 'Maruti Suzuki', 'Ignis', 2021, 24000, 51),
(52, 'GJ10MN7788', 'Tata', 'Safari', 2022, 21000, 52),
(53, 'DL08PQ3344', 'Hyundai', 'Grand i10', 2018, 51000, 53),
(54, 'KA20HN9988', 'Honda', 'HR-V', 2020, 35000, 54),
(55, 'TN10CG4455', 'Mahindra', 'KUV100', 2017, 72000, 55),
(56, 'KL22MV5566', 'Tata', 'Zest', 2016, 81000, 56),
(57, 'MH11AK3344', 'Toyota', 'Corolla Altis', 2017, 64000, 57),
(58, 'TS11DM9988', 'Skoda', 'Kushaq', 2022, 17000, 58),
(59, 'WB07JS4455', 'Volkswagen', 'Polo', 2019, 41000, 59),
(60, 'KA25GH7788', 'Hyundai', 'Kona EV', 2022, 15000, 60),

(61, 'UP11DE6677', 'Honda', 'Accord', 2016, 90000, 61),
(62, 'MH39EW9988', 'Maruti Suzuki', 'Fronx', 2023, 12000, 62),
(63, 'KA18KL5566', ' Tata', 'Hexa', 2018, 69000, 63),
(64, 'GJ06PQ3344', 'Hyundai', 'Sonata', 2015, 101000, 64),
(65, 'TN12JG8899', 'Renault', 'Duster', 2017, 75000, 65),
(66, 'KL55AD4455', 'Toyota', 'Urban Cruiser', 2021, 23000, 66),
(67, 'MH04TT7788', 'Mahindra', 'XUV300', 2020, 40000, 67),
(68, 'DL06CC5566', 'Nissan', 'Magnite', 2022, 18000, 68),
(69, 'UP32JD7788', 'Honda', 'CR-V', 2017, 85000, 69),
(70, 'KA34MM1122', 'MG', 'Hector', 2019, 49000, 70),

(71, 'TS21FG7788', 'Hyundai', 'Creta', 2021, 32000, 71),
(72, 'MH47PQ4455', 'Maruti Suzuki', 'Celerio', 2018, 58000, 72),
(73, 'RJ01DE9988', 'Tata', 'Indica', 2015, 112000, 73),
(74, 'KL43JG6677', 'Kia', 'Rio', 2021, 25000, 74),
(75, 'TN04LT5566', 'Toyota', 'Innova', 2016, 102000, 75),
(76, 'KA12FG2233', 'Hyundai', 'i20 N-Line', 2022, 14000, 76),
(77, 'UP53TK7788', 'Mahindra', 'Bolero Neo', 2018, 78000, 77),
(78, 'GJ25PK4455', 'Skoda', 'Slavia', 2022, 16000, 78),
(79, 'WB09CS6677', 'Volkswagen', 'Vento', 2017, 68000, 79),
(80, 'TS17BG1122', 'Renault', 'Kiger', 2021, 28000, 80),

(81, 'MH28RT5566', 'Maruti Suzuki', 'Swift', 2019, 43000, 81),
(82, 'KA15DL6677', 'Hyundai', 'Alcazar', 2021, 26000, 82),
(83, 'BR06TT7788', 'Honda', 'City', 2018, 64000, 83),
(84, 'TN09GH3344', 'Tata', 'Punch', 2022, 11000, 84),
(85, 'KL17LK9988', 'Kia', 'Seltos', 2020, 35000, 85),
(86, 'UP44AP4455', 'Hyundai', 'i10', 2018, 52000, 86),
(87, 'MH05XV7788', 'Mahindra', 'Thar', 2021, 22000, 87),
(88, 'GJ08RT6677', 'Maruti Suzuki', 'Ertiga', 2019, 57000, 88),
(89, 'TS22RF8899', 'Toyota', 'Urban Cruiser Hyryder', 2023, 8000, 89),
(90, 'KA52PG2233', 'Honda', 'Amaze', 2020, 36000, 90),

(91, 'WB13LP4455', 'Tata', 'Nexon', 2019, 42000, 91),
(92, 'MH33JK7788', 'Hyundai', 'Creta', 2018, 62000, 92),
(93, 'UP40NT5566', 'Toyota', 'Fortuner', 2021, 30000, 93),
(94, 'TN15FG3344', 'Kia', 'Carens', 2022, 18000, 94),
(95, 'KL27BG6677', 'Maruti Suzuki', 'Baleno', 2021, 24000, 95),
(96, 'KA07JM9988', 'Honda', 'City', 2017, 58000, 96),
(97, 'TS13QW6677', 'Tata', 'Tiago', 2020, 37000, 97),
(98, 'MH26LK8899', 'Hyundai', 'Venue', 2022, 19000, 98),
(99, 'GJ19DM5566', 'Mahindra', 'Scorpio N', 2023, 9000, 99),
(100, 'DL03CV4455', 'Toyota', 'Innova Crysta', 2018, 95000, 100);



INSERT INTO WORKSHOP (WorkShop_Id, Name, Phone_No, Email_Id, Location) VALUES
(1, 'Bosch Car Service Bengaluru', '9845012345', 'bosch.blr@example.com', 'Koramangala, Bengaluru, Karnataka'),
(2, 'Mahindra First Choice Pune', '9867543210', 'mfc.pune@example.com', 'Viman Nagar, Pune, Maharashtra'),
(3, 'Tata Authorized Service Center Mumbai', '9876123450', 'tata.mumbai@example.com', 'Andheri East, Mumbai, Maharashtra'),
(4, 'Hyundai HASS Chennai', '9944123456', 'hyundai.chennai@example.com', 'Anna Salai, Chennai, Tamil Nadu'),
(5, 'Maruti NSS Kolkata', '9831122211', 'maruti.kolkata@example.com', 'Salt Lake, Kolkata, West Bengal'),
(6, 'Toyota Lakozy Surat', '9825112233', 'toyota.surat@example.com', 'Piplod, Surat, Gujarat'),
(7, 'Honda Magnum Delhi', '9810098765', 'honda.delhi@example.com', 'Rohini Sector-9, Delhi NCR'),
(8, 'Kia Service Hub Hyderabad', '9000012345', 'kia.hyderabad@example.com', 'Gachibowli, Hyderabad, Telangana'),
(9, 'MG Motors Kochi Workshop', '9847012345', 'mg.kochi@example.com', 'Edappally, Kochi, Kerala'),
(10, 'Mahindra Prime Service Indore', '9755512345', 'mahindra.indore@example.com', 'Vijay Nagar, Indore, MP'),

(11, 'Renault Care Bhubaneswar', '9438012345', 'renault.bbsr@example.com', 'Jaydev Vihar, Bhubaneswar, Odisha'),
(12, 'Volkswagen Elite Service Goa', '9823011122', 'vw.goa@example.com', 'Panaji City, Goa'),
(13, 'Skoda Auto Service Ahmedabad', '9275012745', 'skoda.ahm@example.com', 'SG Highway, Ahmedabad, Gujarat'),
(14, 'Nissan Service Point Jaipur', '9982112345', 'nissan.jaipur@example.com', 'Tonk Road, Jaipur, Rajasthan'),
(15, 'Ford Service Centre Lucknow', '9122012345', 'ford.lucknow@example.com', 'Gomti Nagar, Lucknow, UP'),
(16, 'Jeep India Service Bengaluru', '9036111255', 'jeep.blr@example.com', 'Yelahanka, Bengaluru, Karnataka'),
(17, 'Volvo Cars Service Coimbatore', '9786212345', 'volvo.cbe@example.com', 'Avinashi Road, Coimbatore, Tamil Nadu'),
(18, 'Hyundai Authorised Nashik', '9822012349', 'hyundai.nashik@example.com', 'Sharanpur Road, Nashik, Maharashtra'),
(19, 'Tata Motors ASC Nagpur', '9860012345', 'tata.nagpur@example.com', 'Civil Lines, Nagpur, Maharashtra'),
(20, 'Maruti Suzuki Service Mysuru', '9845019876', 'maruti.mysore@example.com', 'Hunsur Road, Mysuru, Karnataka');




INSERT INTO SERVICE_RECORD (Service_Id, Service_Cost, Service_type, Service_Date, Odometer_Readings, Remark, WorkShop_Id, Reg_Num) VALUES
(1, 4500.00, 'General Service', '2023-02-10', 43000, 'Engine oil and filter replaced', 1, 'MH12AB1234'),
(2, 5200.00, 'Brake Service', '2023-04-15', 36000, 'Rear brake pads replaced', 2, 'KA03MN8899'),
(3, 3000.00, 'Oil Change', '2023-01-20', 60000, 'Synthetic oil used', 7, 'DL01CQ5566'),
(4, 8500.00, 'Full Body Checkup', '2023-03-11', 27000, 'Complete inspection done', 4, 'TN09BD2345'),
(5, 7800.00, 'Clutch Overhaul', '2023-05-18', 72000, 'Clutch plate replaced', 5, 'TS10FG9988'),
(6, 6000.00, 'AC Service', '2023-06-21', 40000, 'Cooling coil cleaned', 3, 'KL07KL1122'),
(7, 11000.00, 'Suspension Work', '2022-11-09', 95000, 'Rear shocks replaced', 16, 'KA19HG7788'),
(8, 3500.00, 'General Service', '2023-07-25', 50000, 'Filter, oil replacement', 4, 'TN14ML3344'),
(9, 2900.00, 'Oil Change', '2023-09-14', 23000, 'Regular maintenance', 11, 'OD05AS9090'),
(10, 6500.00, 'Brake Service', '2023-08-09', 18000, 'Front brake pad changed', 10, 'RJ14CC8822'),

(11, 12500.00, 'Engine Tuning', '2023-02-11', 80000, 'Engine calibration performed', 7, 'UP32FG6677'),
(12, 3800.00, 'General Service', '2023-06-17', 34000, 'Oil and coolant top-up', 12, 'MP09KL4455'),
(13, 4100.00, 'Wheel Alignment', '2023-03-04', 57000, 'Tyre alignment and rotation', 2, 'DL09FG3344'),
(14, 8900.00, 'Full Body Checkup', '2023-05-12', 29000, 'Detailed analysis done', 4, 'TN06BA7788'),
(15, 15000.00, 'Major Service', '2023-01-13', 100000, 'Major overhaul and diagnostics', 3, 'MH01PQ9900'),
(16, 4700.00, 'General Service', '2023-04-20', 46000, 'Basic service performed', 5, 'WB24TR5566'),
(17, 6500.00, 'Brake Service', '2023-03-30', 21000, 'New brake pads installed', 1, 'KA04MG6789'),
(18, 3400.00, 'Oil Change', '2023-08-01', 51000, 'Oil and air filter changed', 8, 'PB02JK3344'),
(19, 12000.00, 'Suspension Work', '2022-10-18', 80000, 'Front shockers replaced', 9, 'WB20AD7788'),
(20, 5500.00, 'AC Service', '2023-02-23', 67000, 'Gas refilling and coil cleaning', 13, 'UP65BD2233'),

(21, 3900.00, 'General Service', '2023-04-19', 24000, 'Oil, filter replacement', 14, 'MH14AC9988'),
(22, 14000.00, 'Engine Tuning', '2023-06-25', 88000, 'Complete remap service', 7, 'DL05HJ3366'),
(23, 10500.00, 'Clutch Overhaul', '2023-08-16', 13000, 'Clutch kit replaced', 15, 'KA02CD6677'),
(24, 3500.00, 'Wheel Alignment', '2023-07-11', 42000, 'Tyres balanced', 18, 'MH12KM4455'),
(25, 7300.00, 'Brake Service', '2023-03-09', 54000, 'Brake pads changed', 3, 'CH01MN1122'),
(26, 3600.00, 'General Service', '2023-02-27', 37000, 'Filter + oil change', 19, 'KL08NP8899'),
(27, 2800.00, 'Oil Change', '2023-05-21', 42000, 'Regular checkup', 6, 'MH15ED2233'),
(28, 4700.00, 'AC Service', '2023-09-29', 27000, 'Cooling system serviced', 20, 'WB17PG7788'),
(29, 6200.00, 'Brake Service', '2023-01-30', 66000, 'Discs cleaned', 5, 'GJ05LR5566'),
(30, 10000.00, 'Major Service', '2023-06-13', 90000, 'Overall service package', 8, 'TS07DD9988'),

(31, 4000.00, 'General Service', '2023-03-03', 30000, 'Oil + coolant check', 12, 'UP14AK5500'),
(32, 3300.00, 'Oil Change', '2023-01-21', 34000, 'Basic service', 2, 'WB10PQ8899'),
(33, 9100.00, 'Full Body Checkup', '2023-02-10', 20000, 'All components inspected', 1, 'GA03TR1234'),
(34, 4800.00, 'Wheel Alignment', '2023-08-14', 15000, 'Tyres aligned', 9, 'TN11MK4455'),
(35, 6800.00, 'Brake Service', '2023-06-07', 56000, 'Brake overhaul', 17, 'BR01AP9988'),
(36, 12500.00, 'Suspension Work', '2023-04-09', 85000, 'Shock absorbers changed', 14, 'AP09GH6677'),
(37, 3500.00, 'General Service', '2023-03-29', 14000, 'Oil + filters', 20, 'DL02CC8899'),
(38, 4000.00, 'AC Service', '2023-07-04', 9000, 'Gas refill', 13, 'KL03BG2233'),
(39, 5200.00, 'Brake Service', '2023-05-22', 25000, 'Brake pads replaced', 18, 'KA41DM7788'),
(40, 7600.00, 'Engine Tuning', '2023-04-12', 58000, 'Engine optimized', 10, 'WB11RR9900'),

(41, 6000.00, 'General Service', '2023-02-18', 32000, 'Routine maintenance', 11, 'OD01AD3344'),
(42, 3500.00, 'Oil Change', '2023-08-29', 41000, 'Oil replaced', 16, 'TN02GH5566'),
(43, 8500.00, 'Clutch Overhaul', '2023-05-16', 37000, 'Clutch adjusted', 3, 'GJ27BD7788'),
(44, 9200.00, 'Suspension Work', '2023-01-17', 60000, 'Front shocks changed', 4, 'TS09PQ2233'),
(45, 18000.00, 'Major Service', '2023-07-08', 69000, 'Complete vehicle overhaul', 15, 'HR26MK9988'),
(46, 14000.00, 'Engine Tuning', '2023-03-19', 80000, 'High-performance tune', 10, 'KA51WU8899'),
(47, 9900.00, 'Full Body Checkup', '2023-09-11', 65000, 'Detailed inspection', 7, 'MP04LK5566'),
(48, 5300.00, 'General Service', '2023-06-05', 30000, 'Oil + filter', 19, 'MH31DG6677'),
(49, 6600.00, 'AC Service', '2023-04-26', 50000, 'AC cleaned', 16, 'KA09PL7788'),
(50, 4800.00, 'Oil Change', '2023-02-14', 58000, 'Oil replaced', 9, 'UP78CC9900'),

(51, 3900.00, 'General Service', '2023-05-21', 23000, 'Inspection done', 8, 'MH27AB1122'),
(52, 9700.00, 'Suspension Work', '2023-01-12', 20000, 'Suspension adjusted', 7, 'GJ10MN7788'),
(53, 4100.00, 'Wheel Alignment', '2023-06-17', 49000, 'Tyre balancing done', 5, 'DL08PQ3344'),
(54, 4400.00, 'Oil Change', '2023-04-13', 33000, 'Oil + top-up', 3, 'KA20HN9988'),
(55, 7200.00, 'Brake Service', '2023-03-23', 68000, 'Rear pads replaced', 1, 'TN10CG4455'),
(56, 3800.00, 'General Service', '2023-08-18', 79000, 'Routine maintenance', 2, 'KL22MV5566'),
(57, 5400.00, 'AC Service', '2023-02-09', 61000, 'Cooling improved', 6, 'MH11AK3344'),
(58, 11000.00, 'Major Service', '2023-09-27', 15000, 'Complete system diagnosis', 17, 'TS11DM9988'),
(59, 4600.00, 'General Service', '2023-07-03', 39000, 'Oil check done', 8, 'WB07JS4455'),
(60, 8800.00, 'Engine Tuning', '2023-03-16', 14000, 'Performance tuning', 12, 'KA25GH7788'),

(61, 6500.00, 'Brake Service', '2023-01-22', 88000, 'Front pads installed', 13, 'UP11DE6677'),
(62, 2900.00, 'Oil Change', '2023-04-08', 11000, 'Regular check', 19, 'MH39EW9988'),
(63, 12000.00, 'Suspension Work', '2022-12-14', 64000, 'Shockers changed', 14, 'KA18KL5566'),
(64, 7400.00, 'AC Service', '2023-02-19', 99000, 'Gas refilled', 3, 'GJ06PQ3344'),
(65, 8100.00, 'Clutch Overhaul', '2023-07-13', 70000, 'Clutch replaced', 18, 'TN12JG8899'),
(66, 3600.00, 'General Service', '2023-08-07', 22000, 'Oil + checkup', 20, 'KL55AD4455'),
(67, 5400.00, 'Wheel Alignment', '2023-06-05', 39000, 'Alignment done', 16, 'MH04TT7788'),
(68, 9800.00, 'Full Body Checkup', '2023-09-10', 15000, 'Inspection completed', 5, 'DL06CC5566'),
(69, 13000.00, 'Major Service', '2023-02-03', 83000, 'Full service package', 10, 'UP32JD7788'),
(70, 3900.00, 'General Service', '2023-04-26', 47000, 'Oil changed', 2, 'KA34MM1122'),

(71, 5500.00, 'Brake Service', '2023-03-14', 29000, 'Brakes adjusted', 8, 'TS21FG7788'),
(72, 4200.00, 'Oil Change', '2023-05-08', 56000, 'Routine oil change', 4, 'MH47PQ4455'),
(73, 12500.00, 'Suspension Work', '2023-01-24', 110000, 'Complete suspension overhaul', 7, 'RJ01DE9988'),
(74, 3000.00, 'General Service', '2023-06-12', 23000, 'Basic maintenance', 15, 'KL43JG6677'),
(75, 14000.00, 'Engine Tuning', '2023-02-06', 98000, 'Engine tuned', 1, 'TN04LT5566'),
(76, 3500.00, 'Oil Change', '2023-07-21', 13000, 'Oil replaced', 19, 'KA12FG2233'),
(77, 6800.00, 'Brake Service', '2023-04-15', 76000, 'Rear brake pads changed', 12, 'UP53TK7788'),
(78, 4000.00, 'General Service', '2023-08-22', 15000, 'General checkup', 17, 'GJ25PK4455'),
(79, 5100.00, 'AC Service', '2023-05-10', 65000, 'Cooling improved', 16, 'WB09CS6677'),
(80, 8300.00, 'Full Body Checkup', '2023-09-01', 25000, 'Complete inspection', 20, 'TS17BG1122'),

(81, 2900.00, 'Oil Change', '2023-03-09', 40000, 'Oil + filter replaced', 6, 'MH28RT5566'),
(82, 7000.00, 'Brake Service', '2023-01-10', 24000, 'Front brake repair', 5, 'KA15DL6677'),
(83, 3800.00, 'General Service', '2023-02-17', 62000, 'Routine maintenance', 9, 'BR06TT7788'),
(84, 9000.00, 'Suspension Work', '2023-07-27', 10000, 'Shocks serviced', 14, 'TN09GH3344'),
(85, 3600.00, 'Oil Change', '2023-04-20', 33000, 'Engine oil replaced', 10, 'KL17LK9988'),
(86, 13000.00, 'Clutch Overhaul', '2023-06-19', 50000, 'Complete clutch kit installed', 3, 'UP44AP4455'),
(87, 16000.00, 'Major Service', '2023-05-18', 20000, 'Complete vehicle check', 13, 'MH05XV7788'),
(88, 5400.00, 'AC Service', '2023-08-23', 55000, 'Cooling restored', 4, 'GJ08RT6677'),
(89, 2900.00, 'Oil Change', '2023-02-14', 7000, 'Regular maintenance', 8, 'TS22RF8899'),
(90, 7800.00, 'Brake Service', '2023-09-14', 35000, 'Rear brakes replaced', 9, 'KA52PG2233'),

(91, 4000.00, 'General Service', '2023-03-17', 39000, 'Basic service', 11, 'WB13LP4455'),
(92, 3600.00, 'Oil Change', '2023-01-07', 60000, 'Oil replaced', 14, 'MH33JK7788'),
(93, 18500.00, 'Major Service', '2023-08-19', 27000, 'Premium service package', 17, 'UP40NT5566'),
(94, 4600.00, 'Wheel Alignment', '2023-05-01', 15000, 'Wheels balanced', 12, 'TN15FG3344'),
(95, 6000.00, 'AC Service', '2023-02-15', 20000, 'AC deep cleaning', 2, 'KL27BG6677'),
(96, 12500.00, 'Suspension Work', '2023-04-06', 56000, 'Front suspension repaired', 6, 'KA07JM9988'),
(97, 4800.00, 'General Service', '2023-09-30', 35000, 'Filter replaced', 10, 'TS13QW6677'),
(98, 3700.00, 'Oil Change', '2023-03-21', 17000, 'Regular oil service', 13, 'MH26LK8899'),
(99, 9100.00, 'Full Body Checkup', '2023-06-24', 8000, 'Complete scan report generated', 4, 'GJ19DM5566'),
(100, 11200.00, 'Engine Tuning', '2023-07-30', 90000, 'Engine optimized', 20, 'DL03CV4455');




INSERT INTO SERVICE_TASK (Service_Task_Id, Description, Cost, Service_Id) VALUES
(1, 'Engine oil and filter replacement', 1500.00, 1),
(2, 'Rear brake pad replacement', 2200.00, 2),
(3, 'Synthetic oil replacement', 1800.00, 3),
(4, 'Full vehicle inspection and diagnostics', 3500.00, 4),
(5, 'Clutch plate and bearing replacement', 5500.00, 5),
(6, 'AC coil cleaning and coolant check', 2000.00, 6),
(7, 'Rear suspension shock replacement', 4500.00, 7),
(8, 'General maintenance service', 1500.00, 8),
(9, 'Engine oil + filter replacement', 1700.00, 9),
(10, 'Front brake pad replacement', 2400.00, 10),

(11, 'Engine tuning and calibration', 5200.00, 11),
(12, 'Oil, coolant, and filter check', 1500.00, 12),
(13, 'Wheel alignment and rotation', 1000.00, 13),
(14, 'Full body mechanical inspection', 2800.00, 14),
(15, 'Major inspection and overhaul', 8500.00, 15),
(16, 'Basic service with filter change', 1600.00, 16),
(17, 'Front brake pad installation', 2300.00, 17),
(18, 'Oil + filter change', 1400.00, 18),
(19, 'Front shockers replacement', 5000.00, 19),
(20, 'AC cleaning and gas refill', 2300.00, 20),

(21, 'Oil + filter + fluid check', 1600.00, 21),
(22, 'ECU tuning and engine optimization', 6000.00, 22),
(23, 'Clutch kit replacement', 4800.00, 23),
(24, 'Tyre balancing and rotation', 1200.00, 24),
(25, 'Front brake pad service', 2600.00, 25),
(26, 'Filter and oil service', 1800.00, 26),
(27, 'Oil change and inspection', 1400.00, 27),
(28, 'AC evaporator cleaning', 2100.00, 28),
(29, 'Brake disc cleaning', 1600.00, 29),
(30, 'Premium major service package', 7500.00, 30),

(31, 'Coolant top-up and oil change', 1700.00, 31),
(32, 'Basic oil service', 1300.00, 32),
(33, 'Complete component check', 2600.00, 33),
(34, 'Advanced wheel alignment', 1400.00, 34),
(35, 'Brake overhaul and cleaning', 3000.00, 35),
(36, 'Shock absorber replacement', 4900.00, 36),
(37, 'Oil + Filter + Coolant check', 1600.00, 37),
(38, 'AC gas refill', 1900.00, 38),
(39, 'Brake pad installation', 2200.00, 39),
(40, 'Engine optimization tune', 5800.00, 40),

(41, 'Routine maintenance service', 1600.00, 41),
(42, 'Oil replacement service', 1400.00, 42),
(43, 'Clutch adjustment and tuning', 3300.00, 43),
(44, 'Front shock replacement', 4500.00, 44),
(45, 'Complete car overhaul service', 9000.00, 45),
(46, 'High-performance ECU tuning', 6200.00, 46),
(47, 'Full vehicle inspection', 3400.00, 47),
(48, 'Oil service with cleaning', 1700.00, 48),
(49, 'AC cleaning with filter wash', 2000.00, 49),
(50, 'Oil replacement and checkup', 1500.00, 50),

(51, 'General inspection + cleaning', 1500.00, 51),
(52, 'Suspension tightening service', 3500.00, 52),
(53, 'Wheel balancing & alignment', 1700.00, 53),
(54, 'Premium oil service', 1800.00, 54),
(55, 'Rear brake overhaul', 2700.00, 55),
(56, 'Full vehicle routine check', 1500.00, 56),
(57, 'AC cooling improvement service', 2200.00, 57),
(58, 'Major car diagnostic service', 6800.00, 58),
(59, 'Oil level check + filter change', 1600.00, 59),
(60, 'Performance engine tuning', 6000.00, 60),

(61, 'Front brake pad installation', 2300.00, 61),
(62, 'Oil check and refill', 1400.00, 62),
(63, 'Shock replacement and tuning', 5100.00, 63),
(64, 'AC blower cleaning + refill', 2600.00, 64),
(65, 'Clutch replacement job', 4800.00, 65),
(66, 'Basic periodic maintenance', 1500.00, 66),
(67, 'Advanced wheel alignment', 1600.00, 67),
(68, 'Complete diagnostic check', 3100.00, 68),
(69, 'Major service + replacement', 7800.00, 69),
(70, 'Oil change and inspection', 1400.00, 70),

(71, 'Brake pad cleaning + service', 2100.00, 71),
(72, 'Oil + coolant replacement', 2200.00, 72),
(73, 'Suspension full service', 5400.00, 73),
(74, 'Basic general maintenance', 1500.00, 74),
(75, 'Engine recalibration tuning', 5900.00, 75),
(76, 'Oil service', 1300.00, 76),
(77, 'Rear brake pad change', 2700.00, 77),
(78, 'General inspection + top-up', 1500.00, 78),
(79, 'AC servicing and gas refill', 2300.00, 79),
(80, 'Full mechanical inspection', 3400.00, 80),

(81, 'Oil + filter replacement', 1500.00, 81),
(82, 'Brake service premium', 3500.00, 82),
(83, 'Routine maintenance pack', 1800.00, 83),
(84, 'Suspension tuning', 3900.00, 84),
(85, 'Oil replacement service', 1500.00, 85),
(86, 'Clutch overhaul + fitting', 5200.00, 86),
(87, 'Major maintenance package', 7800.00, 87),
(88, 'AC deep clean', 2500.00, 88),
(89, 'Oil service minimalist', 1300.00, 89),
(90, 'Brake service & inspection', 2600.00, 90),

(91, 'General maintenance job', 1700.00, 91),
(92, 'Oil change routine', 1300.00, 92),
(93, 'Premium major overhaul', 9200.00, 93),
(94, 'Wheel balancing & alignment', 1600.00, 94),
(95, 'AC deep service', 2700.00, 95),
(96, 'Suspension replacement', 5500.00, 96),
(97, 'Routine service + filter', 1600.00, 97),
(98, 'Oil + cleaning pack', 1300.00, 98),
(99, 'Full vehicle check + scan', 3200.00, 99),
(100, 'Engine retune + cleaning', 5400.00, 100);



INSERT INTO PART (Part_Id, Part_No, Name, Warranty_Period, Service_Task_Id) VALUES
('PRT001', 'BOSCH-OIL-110', 'Engine Oil Filter', 12, 1),
('PRT002', 'MGP-BRK-220', 'Rear Brake Pads', 18, 2),
('PRT003', 'SHELL-OIL-5W30', 'Synthetic Engine Oil', 12, 3),
('PRT004', 'HYD-FLT-300', 'Air Filter', 12, 4),
('PRT005', 'MGP-CLT-112', 'Clutch Plate Kit', 24, 5),
('PRT006', 'DLX-AC-210', 'AC Cabin Filter', 12, 6),
('PRT007', 'TRW-SUS-330', 'Rear Suspension Shock', 24, 7),
('PRT008', 'TVS-FLT-550', 'Fuel Filter', 12, 8),
('PRT009', 'BOSCH-OIL-310', 'Engine Oil', 12, 9),
('PRT010', 'MRF-BRK-440', 'Front Brake Pads', 18, 10),

('PRT011', 'ECU-TUNE-001', 'ECU Tuning Kit', 24, 11),
('PRT012', 'COOL-MOT-221', 'Coolant Fluid', 12, 12),
('PRT013', 'MRF-WHL-551', 'Wheel Alignment Kit', 6, 13),
('PRT014', 'CHK-FLT-660', 'General Checkup Kit', 6, 14),
('PRT015', 'MGP-MJR-990', 'Major Overhaul Kit', 36, 15),
('PRT016', 'TVS-FLT-118', 'Oil Filter', 12, 16),
('PRT017', 'BOSCH-BRK-990', 'Premium Brake Pads', 18, 17),
('PRT018', 'GULF-OIL-201', 'Engine Oil 5W40', 12, 18),
('PRT019', 'SHK-FRT-200', 'Front Shock Absorber', 24, 19),
('PRT020', 'AC-GAS-REFILL', 'AC Gas Refill Kit', 6, 20),

('PRT021', 'BOSCH-FLT-005', 'Oil Filter Cartridge', 12, 21),
('PRT022', 'ECU-TUNE-010', 'Engine Remapping Module', 24, 22),
('PRT023', 'CLT-KIT-250', 'Clutch Replacement Kit', 24, 23),
('PRT024', 'WHEEL-BAL-220', 'Tyre Balancing Kit', 6, 24),
('PRT025', 'BRK-MGP-121', 'Brake Pad Set', 18, 25),
('PRT026', 'TVS-FLT-301', 'Fuel Filter Cartridge', 12, 26),
('PRT027', 'GULF-OIL-145', 'Engine Oil 10W30', 12, 27),
('PRT028', 'AC-EVAP-112', 'AC Evaporator Cleaner', 12, 28),
('PRT029', 'BRK-DISC-340', 'Brake Disc Cleaner', 6, 29),
('PRT030', 'MJR-KIT-550', 'Major Service Kit', 36, 30),

('PRT031', 'COOL-TOP-001', 'Coolant Top-Up Kit', 12, 31),
('PRT032', 'OIL-SYN-908', 'Premium Engine Oil', 12, 32),
('PRT033', 'CHK-COMP-222', 'Complete Checkup Kit', 6, 33),
('PRT034', 'ALGN-WHL-002', 'Wheel Alignment Kit', 12, 34),
('PRT035', 'BRK-HYD-221', 'Brake Service Kit', 18, 35),
('PRT036', 'SUS-SHK-443', 'Shock Absorber', 24, 36),
('PRT037', 'FLT-AIR-989', 'Air Filter Medium', 12, 37),
('PRT038', 'AC-GAS-440', 'AC Gas', 6, 38),
('PRT039', 'BRK-PRM-233', 'Premium Brake Pads', 18, 39),
('PRT040', 'ECU-TUNE-440', 'Engine Tune Kit', 24, 40),

('PRT041', 'GEN-SRV-001', 'General Service Consumables', 12, 41),
('PRT042', 'OIL-PCK-112', 'Oil Service Pack', 12, 42),
('PRT043', 'CLT-ADJ-889', 'Clutch Adjustment Kit', 12, 43),
('PRT044', 'SHK-FRT-789', 'Front Shock Absorber', 24, 44),
('PRT045', 'MJR-OVH-190', 'Complete Overhaul Set', 36, 45),
('PRT046', 'ECU-PWR-220', 'High Performance Tune Kit', 24, 46),
('PRT047', 'CHK-VEH-001', 'Full Vehicle Check Kit', 6, 47),
('PRT048', 'OIL-CLEAN-003', 'Oil Cleaning Kit', 12, 48),
('PRT049', 'AC-FILTER-321', 'AC Filter Replacement Set', 12, 49),
('PRT050', 'OIL-SRV-015', 'Oil Replacement Pack', 12, 50),

('PRT051', 'GEN-CHK-220', 'Inspection Kit', 6, 51),
('PRT052', 'SUS-TGT-550', 'Suspension Tightening Kit', 12, 52),
('PRT053', 'ALGN-KIT-120', 'Wheel Balancing Kit', 12, 53),
('PRT054', 'OIL-PREM-443', 'Premium Oil Pack', 12, 54),
('PRT055', 'BRK-REAR-776', 'Rear Brake Overhaul Kit', 18, 55),
('PRT056', 'GEN-FULL-002', 'Full Routine Check Kit', 6, 56),
('PRT057', 'AC-CLN-221', 'AC Cooling Kit', 12, 57),
('PRT058', 'DIAG-MJR-560', 'Major Diagnostic Kit', 24, 58),
('PRT059', 'FLT-CHK-309', 'Filter Replacement Kit', 12, 59),
('PRT060', 'ECU-PERF-900', 'Performance Tune Module', 24, 60),

('PRT061', 'BRK-FRT-555', 'Brake Pad Kit', 18, 61),
('PRT062', 'OIL-RFL-101', 'Oil Refill Pack', 12, 62),
('PRT063', 'SUS-SHK-309', 'Shock Replacement Kit', 24, 63),
('PRT064', 'AC-REF-220', 'AC Refilling Kit', 12, 64),
('PRT065', 'CLT-REP-112', 'Clutch Replacement Set', 24, 65),
('PRT066', 'SRV-GEN-554', 'Periodic Maintenance Kit', 12, 66),
('PRT067', 'WHEEL-ALGN-990', 'Wheel Alignment Unit', 12, 67),
('PRT068', 'DIAG-COMP-112', 'Complete Diagnostic Kit', 6, 68),
('PRT069', 'MJR-PACK-550', 'Major Service Components', 36, 69),
('PRT070', 'OIL-CHG-111', 'Oil Change Kit', 12, 70),

('PRT071', 'BRK-SRV-991', 'Brake Service Pack', 18, 71),
('PRT072', 'OIL-COOL-443', 'Oil + Coolant Kit', 12, 72),
('PRT073', 'SUS-OVH-212', 'Suspension Overhaul Kit', 24, 73),
('PRT074', 'GEN-BSC-100', 'Basic General Service Kit', 12, 74),
('PRT075', 'ECU-TUNE-980', 'Engine Calibration Pack', 24, 75),
('PRT076', 'OIL-SRV-332', 'Oil Service Kit', 12, 76),
('PRT077', 'BRK-RR-554', 'Rear Brake Repair Kit', 18, 77),
('PRT078', 'GEN-INSP-002', 'Inspection Consumables', 12, 78),
('PRT079', 'AC-GAS-992', 'AC Gas and Filter Combo', 6, 79),
('PRT080', 'CHK-FULL-122', 'Full Mechanical Check Kit', 6, 80),

('PRT081', 'OIL-FLT-111', 'Oil + Filter Pack', 12, 81),
('PRT082', 'BRK-PREM-777', 'Premium Brake Kit', 18, 82),
('PRT083', 'GEN-PACK-345', 'Maintenance Service Kit', 12, 83),
('PRT084', 'SUS-ADJ-122', 'Suspension Adjustment Kit', 18, 84),
('PRT085', 'OIL-CHG-900', 'Economic Oil Pack', 12, 85),
('PRT086', 'CLT-KIT-550', 'Clutch Overhaul Pack', 24, 86),
('PRT087', 'MJR-FULL-001', 'Major Overhaul Full Pack', 36, 87),
('PRT088', 'AC-DEEP-778', 'AC Deep Clean Kit', 12, 88),
('PRT089', 'OIL-SMP-100', 'Simple Oil Change Kit', 6, 89),
('PRT090', 'BRK-RR-200', 'Rear Brake Pad Set', 18, 90),

('PRT091', 'GEN-RUT-981', 'Routine Maintenance Kit', 12, 91),
('PRT092', 'OIL-REG-221', 'Regular Oil Pack', 12, 92),
('PRT093', 'MJR-OVH-777', 'Premium Major Overhaul Set', 36, 93),
('PRT094', 'WHEEL-BAL-221', 'Wheel Balance Kit', 12, 94),
('PRT095', 'AC-CLN-889', 'AC Deep Cleaning Kit', 12, 95),
('PRT096', 'SUS-PRO-550', 'Professional Suspension Kit', 24, 96),
('PRT097', 'SRV-MIN-330', 'Minimal Service Kit', 12, 97),
('PRT098', 'OIL-MNT-110', 'Maintenance Oil Kit', 12, 98),
('PRT099', 'SCAN-DIAG-100', 'Diagnostic Scan Kit', 6, 99),
('PRT100', 'ECU-RETUNE-002', 'Engine ReTune Kit', 24, 100);



INSERT INTO PART_REPLACEMENT (Replacement_Id, Part_Cost, Replacement_Date, Warranty_Period, Service_Task_Id) VALUES
(1, 1200.00, '2023-02-10', 12, 1),
(2, 2500.00, '2023-04-15', 18, 2),
(3, 1800.00, '2023-01-20', 12, 3),
(4, 900.00, '2023-03-11', 12, 4),
(5, 6200.00, '2023-05-18', 24, 5),
(6, 750.00, '2023-06-21', 12, 6),
(7, 4800.00, '2022-11-09', 24, 7),
(8, 950.00, '2023-07-25', 12, 8),
(9, 1600.00, '2023-09-14', 12, 9),
(10, 2600.00, '2023-08-09', 18, 10),

(11, 5400.00, '2023-02-11', 24, 11),
(12, 700.00, '2023-06-17', 12, 12),
(13, 1100.00, '2023-03-04', 6, 13),
(14, 1800.00, '2023-05-12', 12, 14),
(15, 8500.00, '2023-01-13', 36, 15),
(16, 900.00, '2023-04-20', 12, 16),
(17, 2400.00, '2023-03-30', 18, 17),
(18, 1400.00, '2023-08-01', 12, 18),
(19, 5200.00, '2022-10-18', 24, 19),
(20, 900.00, '2023-02-23', 6, 20),

(21, 1200.00, '2023-04-19', 12, 21),
(22, 6200.00, '2023-06-25', 24, 22),
(23, 5100.00, '2023-08-16', 24, 23),
(24, 900.00, '2023-07-11', 6, 24),
(25, 2400.00, '2023-03-09', 18, 25),
(26, 1600.00, '2023-02-27', 12, 26),
(27, 1300.00, '2023-05-21', 12, 27),
(28, 1800.00, '2023-09-29', 12, 28),
(29, 1400.00, '2023-01-30', 6, 29),
(30, 7800.00, '2023-06-13', 36, 30),

(31, 850.00, '2023-03-03', 12, 31),
(32, 1200.00, '2023-01-21', 12, 32),
(33, 2600.00, '2023-02-10', 12, 33),
(34, 1400.00, '2023-08-14', 12, 34),
(35, 3000.00, '2023-06-07', 18, 35),
(36, 4900.00, '2023-04-09', 24, 36),
(37, 900.00, '2023-03-29', 12, 37),
(38, 1800.00, '2023-07-04', 6, 38),
(39, 2200.00, '2023-05-22', 18, 39),
(40, 5800.00, '2023-04-12', 24, 40),

(41, 1600.00, '2023-02-18', 12, 41),
(42, 1400.00, '2023-08-29', 12, 42),
(43, 3300.00, '2023-05-16', 18, 43),
(44, 4500.00, '2023-01-17', 24, 44),
(45, 9000.00, '2023-07-08', 36, 45),
(46, 6200.00, '2023-03-19', 24, 46),
(47, 3400.00, '2023-09-11', 6, 47),
(48, 1700.00, '2023-06-05', 12, 48),
(49, 2000.00, '2023-04-26', 12, 49),
(50, 1500.00, '2023-02-14', 12, 50),

(51, 1500.00, '2023-05-21', 12, 51),
(52, 3500.00, '2023-01-12', 18, 52),
(53, 1700.00, '2023-06-17', 12, 53),
(54, 1800.00, '2023-04-13', 12, 54),
(55, 2700.00, '2023-03-23', 18, 55),
(56, 1500.00, '2023-08-18', 6, 56),
(57, 2200.00, '2023-02-09', 12, 57),
(58, 6800.00, '2023-09-27', 24, 58),
(59, 1600.00, '2023-07-03', 12, 59),
(60, 6000.00, '2023-03-16', 24, 60),

(61, 2300.00, '2023-01-22', 18, 61),
(62, 1300.00, '2023-04-08', 12, 62),
(63, 5100.00, '2022-12-14', 24, 63),
(64, 2600.00, '2023-02-19', 12, 64),
(65, 4800.00, '2023-07-13', 24, 65),
(66, 1500.00, '2023-08-07', 12, 66),
(67, 1600.00, '2023-06-05', 12, 67),
(68, 3100.00, '2023-09-10', 6, 68),
(69, 7800.00, '2023-02-03', 36, 69),
(70, 1400.00, '2023-04-26', 12, 70),

(71, 2100.00, '2023-03-14', 18, 71),
(72, 2200.00, '2023-05-08', 12, 72),
(73, 5400.00, '2023-01-24', 24, 73),
(74, 1500.00, '2023-06-12', 12, 74),
(75, 5900.00, '2023-02-06', 24, 75),
(76, 1300.00, '2023-07-21', 12, 76),
(77, 2700.00, '2023-04-15', 18, 77),
(78, 1500.00, '2023-08-22', 12, 78),
(79, 2300.00, '2023-05-10', 12, 79),
(80, 3400.00, '2023-09-01', 6, 80),

(81, 1500.00, '2023-03-09', 12, 81),
(82, 3500.00, '2023-01-10', 18, 82),
(83, 1800.00, '2023-02-17', 12, 83),
(84, 3900.00, '2023-07-27', 24, 84),
(85, 1500.00, '2023-04-20', 12, 85),
(86, 5200.00, '2023-06-19', 24, 86),
(87, 7800.00, '2023-05-18', 36, 87),
(88, 2500.00, '2023-08-23', 12, 88),
(89, 1300.00, '2023-02-14', 6, 89),
(90, 2600.00, '2023-09-14', 18, 90),

(91, 1700.00, '2023-03-17', 12, 91),
(92, 1300.00, '2023-01-07', 12, 92),
(93, 9200.00, '2023-08-19', 36, 93),
(94, 1600.00, '2023-05-01', 12, 94),
(95, 2700.00, '2023-02-15', 12, 95),
(96, 5500.00, '2023-04-06', 24, 96),
(97, 1600.00, '2023-09-30', 12, 97),
(98, 1300.00, '2023-03-21', 12, 98),
(99, 3200.00, '2023-06-24', 6, 99),
(100, 5400.00, '2023-07-30', 24, 100);


INSERT INTO WARRANTY_CLAIM (Claim_Id, Status, Date, Replacement_Id) VALUES
(1, 'Approved', '2023-06-10', 1),
(2, 'Pending', '2023-08-20', 2),
(3, 'Rejected', '2023-03-18', 3),
(4, 'Approved', '2023-05-05', 4),
(5, 'Approved', '2023-08-10', 5),
(6, 'Rejected', '2023-09-14', 6),
(7, 'Approved', '2023-01-14', 7),
(8, 'Pending', '2023-08-12', 8),
(9, 'Approved', '2023-11-20', 9),
(10, 'Pending', '2023-09-29', 10),

(11, 'Approved', '2023-06-09', 11),
(12, 'Rejected', '2023-07-12', 12),
(13, 'Approved', '2023-05-11', 13),
(14, 'Pending', '2023-09-01', 14),
(15, 'Approved', '2023-04-20', 15),
(16, 'Approved', '2023-07-10', 16),
(17, 'Rejected', '2023-05-22', 17),
(18, 'Approved', '2023-11-01', 18),
(19, 'Approved', '2023-02-20', 19),
(20, 'Rejected', '2023-04-21', 20),

(21, 'Approved', '2023-06-17', 21),
(22, 'Approved', '2023-09-08', 22),
(23, 'Pending', '2023-10-10', 23),
(24, 'Rejected', '2023-08-26', 24),
(25, 'Approved', '2023-06-11', 25),
(26, 'Approved', '2023-04-14', 26),
(27, 'Rejected', '2023-06-29', 27),
(28, 'Pending', '2023-12-15', 28),
(29, 'Approved', '2023-07-14', 29),
(30, 'Approved', '2023-09-20', 30),

(31, 'Approved', '2023-06-28', 31),
(32, 'Pending', '2023-04-30', 32),
(33, 'Approved', '2023-06-02', 33),
(34, 'Approved', '2023-10-10', 34),
(35, 'Rejected', '2023-07-18', 35),
(36, 'Approved', '2023-05-08', 36),
(37, 'Pending', '2023-09-22', 37),
(38, 'Approved', '2023-11-20', 38),
(39, 'Approved', '2023-06-30', 39),
(40, 'Rejected', '2023-06-28', 40),

(41, 'Approved', '2023-05-15', 41),
(42, 'Rejected', '2023-10-02', 42),
(43, 'Approved', '2023-07-28', 43),
(44, 'Approved', '2023-04-29', 44),
(45, 'Pending', '2023-08-10', 45),
(46, 'Approved', '2023-05-22', 46),
(47, 'Approved', '2023-12-01', 47),
(48, 'Rejected', '2023-07-30', 48),
(49, 'Pending', '2023-09-21', 49),
(50, 'Approved', '2023-04-22', 50),

(51, 'Approved', '2023-06-19', 51),
(52, 'Pending', '2023-03-14', 52),
(53, 'Rejected', '2023-08-18', 53),
(54, 'Approved', '2023-05-25', 54),
(55, 'Approved', '2023-04-27', 55),
(56, 'Pending', '2023-10-17', 56),
(57, 'Approved', '2023-05-10', 57),
(58, 'Approved', '2023-12-05', 58),
(59, 'Rejected', '2023-08-13', 59),
(60, 'Approved', '2023-05-26', 60),

(61, 'Approved', '2023-07-30', 61),
(62, 'Pending', '2023-04-20', 62),
(63, 'Approved', '2023-02-10', 63),
(64, 'Rejected', '2023-05-28', 64),
(65, 'Approved', '2023-09-10', 65),
(66, 'Pending', '2023-09-21', 66),
(67, 'Approved', '2023-05-14', 67),
(68, 'Approved', '2023-11-30', 68),
(69, 'Rejected', '2023-06-27', 69),
(70, 'Approved', '2023-04-14', 70),

(71, 'Approved', '2023-06-25', 71),
(72, 'Pending', '2023-08-12', 72),
(73, 'Approved', '2023-02-28', 73),
(74, 'Rejected', '2023-04-26', 74),
(75, 'Approved', '2023-06-18', 75),
(76, 'Approved', '2023-09-30', 76),
(77, 'Pending', '2023-10-01', 77),
(78, 'Approved', '2023-09-12', 78),
(79, 'Approved', '2023-08-15', 79),
(80, 'Rejected', '2023-07-30', 80),

(81, 'Pending', '2023-05-21', 81),
(82, 'Approved', '2023-07-10', 82),
(83, 'Approved', '2023-09-25', 83),
(84, 'Rejected', '2023-08-22', 84),
(85, 'Approved', '2023-05-19', 85),
(86, 'Pending', '2023-09-05', 86),
(87, 'Approved', '2023-09-29', 87),
(88, 'Rejected', '2023-10-13', 88),
(89, 'Approved', '2023-05-20', 89),
(90, 'Pending', '2023-08-29', 90),

(91, 'Approved', '2023-07-10', 91),
(92, 'Rejected', '2023-05-15', 92),
(93, 'Pending', '2023-10-28', 93),
(94, 'Approved', '2023-05-29', 94),
(95, 'Approved', '2023-08-17', 95),
(96, 'Approved', '2023-07-23', 96),
(97, 'Pending', '2023-12-05', 97),
(98, 'Approved', '2023-08-14', 98),
(99, 'Rejected', '2023-06-10', 99),
(100, 'Approved', '2023-09-13', 100);


INSERT INTO INSURANCE (Insurance_Id, Provider, Policy_No, Expiry_Date, Reg_Num) VALUES
(1, 'ICICI Lombard', 'POL2023A001', '2026-05-14', 'MH12AB1234'),
(2, 'HDFC ERGO', 'POL2023A002', '2027-01-10', 'KA03MN8899'),
(3, 'Bajaj Allianz', 'POL2023A003', '2026-12-20', 'DL01CQ5566'),
(4, 'SBI General', 'POL2023A004', '2027-10-11', 'TN09BD2345'),
(5, 'Reliance General', 'POL2023A005', '2028-07-18', 'TS10FG9988'),
(6, 'Tata AIG', 'POL2023A006', '2026-11-21', 'KL07KL1122'),
(7, 'ICICI Lombard', 'POL2023A007', '2026-09-09', 'KA19HG7788'),
(8, 'HDFC ERGO', 'POL2023A008', '2027-04-25', 'TN14ML3344'),
(9, 'Bajaj Allianz', 'POL2023A009', '2026-06-14', 'OD05AS9090'),
(10, 'SBI General', 'POL2023A010', '2027-02-09', 'RJ14CC8822'),

(11, 'Reliance General', 'POL2023A011', '2026-08-11', 'UP32FG6677'),
(12, 'Tata AIG', 'POL2023A012', '2027-06-17', 'MP09KL4455'),
(13, 'ICICI Lombard', 'POL2023A013', '2026-04-22', 'DL09FG3344'),
(14, 'HDFC ERGO', 'POL2023A014', '2026-12-30', 'TN06BA7788'),
(15, 'Bajaj Allianz', 'POL2023A015', '2026-11-13', 'MH01PQ9900'),
(16, 'SBI General', 'POL2023A016', '2027-03-20', 'WB24TR5566'),
(17, 'Reliance General', 'POL2023A017', '2026-10-28', 'KA04MG6789'),
(18, 'Tata AIG', 'POL2023A018', '2027-08-01', 'PB02JK3344'),
(19, 'ICICI Lombard', 'POL2023A019', '2026-07-12', 'WB20AD7788'),
(20, 'HDFC ERGO', 'POL2023A020', '2026-11-23', 'UP65BD2233'),

(21, 'Bajaj Allianz', 'POL2023A021', '2026-09-01', 'MH14AC9988'),
(22, 'SBI General', 'POL2023A022', '2027-04-19', 'DL05HJ3366'),
(23, 'Reliance General', 'POL2023A023', '2026-12-29', 'KA02CD6677'),
(24, 'Tata AIG', 'POL2023A024', '2026-07-11', 'MH12KM4455'),
(25, 'ICICI Lombard', 'POL2023A025', '2027-02-28', 'CH01MN1122'),
(26, 'HDFC ERGO', 'POL2023A026', '2026-12-12', 'KL08NP8899'),
(27, 'Bajaj Allianz', 'POL2023A027', '2026-10-21', 'MH15ED2233'),
(28, 'SBI General', 'POL2023A028', '2027-06-29', 'WB17PG7788'),
(29, 'Reliance General', 'POL2023A029', '2026-12-30', 'GJ05LR5566'),
(30, 'Tata AIG', 'POL2023A030', '2027-11-30', 'TS07DD9988'),

(31, 'ICICI Lombard', 'POL2023A031', '2026-08-11', 'UP14AK5500'),
(32, 'HDFC ERGO', 'POL2023A032', '2027-04-21', 'WB10PQ8899'),
(33, 'Bajaj Allianz', 'POL2023A033', '2027-05-20', 'GA03TR1234'),
(34, 'SBI General', 'POL2023A034', '2026-12-14', 'TN11MK4455'),
(35, 'Reliance General', 'POL2023A035', '2027-03-27', 'BR01AP9988'),
(36, 'Tata AIG', 'POL2023A036', '2028-11-09', 'AP09GH6677'),
(37, 'ICICI Lombard', 'POL2023A037', '2026-05-17', 'DL02CC8899'),
(38, 'HDFC ERGO', 'POL2023A038', '2027-07-04', 'KL03BG2233'),
(39, 'Bajaj Allianz', 'POL2023A039', '2027-10-23', 'KA41DM7788'),
(40, 'SBI General', 'POL2023A040', '2026-09-12', 'WB11RR9900'),

(41, 'Reliance General', 'POL2023A041', '2026-05-29', 'OD01AD3344'),
(42, 'Tata AIG', 'POL2023A042', '2027-02-06', 'TN02GH5566'),
(43, 'ICICI Lombard', 'POL2023A043', '2026-11-30', 'GJ27BD7788'),
(44, 'HDFC ERGO', 'POL2023A044', '2027-07-17', 'TS09PQ2233'),
(45, 'Bajaj Allianz', 'POL2023A045', '2026-03-09', 'HR26MK9988'),
(46, 'SBI General', 'POL2023A046', '2026-04-30', 'KA51WU8899'),
(47, 'Reliance General', 'POL2023A047', '2027-10-11', 'MP04LK5566'),
(48, 'Tata AIG', 'POL2023A048', '2026-09-25', 'MH31DG6677'),
(49, 'ICICI Lombard', 'POL2023A049', '2026-12-28', 'KA09PL7788'),
(50, 'HDFC ERGO', 'POL2023A050', '2027-03-30', 'UP78CC9900'),

(51, 'Bajaj Allianz', 'POL2023A051', '2026-02-11', 'MH27AB1122'),
(52, 'SBI General', 'POL2023A052', '2027-06-10', 'GJ10MN7788'),
(53, 'Reliance General', 'POL2023A053', '2026-11-14', 'DL08PQ3344'),
(54, 'Tata AIG', 'POL2023A054', '2027-07-28', 'KA20HN9988'),
(55, 'ICICI Lombard', 'POL2023A055', '2027-05-22', 'TN10CG4455'),
(56, 'HDFC ERGO', 'POL2023A056', '2026-09-16', 'KL22MV5566'),
(57, 'Bajaj Allianz', 'POL2023A057', '2027-08-09', 'MH11AK3344'),
(58, 'SBI General', 'POL2023A058', '2026-03-19', 'TS11DM9988'),
(59, 'Reliance General', 'POL2023A059', '2027-07-23', 'WB07JS4455'),
(60, 'Tata AIG', 'POL2023A060', '2026-12-27', 'KA25GH7788'),

(61, 'ICICI Lombard', 'POL2023A061', '2027-08-28', 'UP11DE6677'),
(62, 'HDFC ERGO', 'POL2023A062', '2026-04-11', 'MH39EW9988'),
(63, 'Bajaj Allianz', 'POL2023A063', '2026-12-17', 'KA18KL5566'),
(64, 'SBI General', 'POL2023A064', '2027-05-31', 'GJ06PQ3344'),
(65, 'Reliance General', 'POL2023A065', '2027-11-10', 'TN12JG8899'),
(66, 'Tata AIG', 'POL2023A066', '2027-08-22', 'KL55AD4455'),
(67, 'ICICI Lombard', 'POL2023A067', '2027-02-12', 'MH04TT7788'),
(68, 'HDFC ERGO', 'POL2023A068', '2026-11-15', 'DL06CC5566'),
(69, 'Bajaj Allianz', 'POL2023A069', '2027-09-22', 'UP32JD7788'),
(70, 'SBI General', 'POL2023A070', '2026-07-14', 'KA34MM1122'),

(71, 'Reliance General', 'POL2023A071', '2026-10-28', 'TS21FG7788'),
(72, 'Tata AIG', 'POL2023A072', '2027-08-07', 'MH47PQ4455'),
(73, 'ICICI Lombard', 'POL2023A073', '2026-03-29', 'RJ01DE9988'),
(74, 'HDFC ERGO', 'POL2023A074', '2027-11-19', 'KL43JG6677'),
(75, 'Bajaj Allianz', 'POL2023A075', '2026-09-11', 'TN04LT5566'),
(76, 'SBI General', 'POL2023A076', '2027-02-13', 'KA12FG2233'),
(77, 'Reliance General', 'POL2023A077', '2026-12-26', 'UP53TK7788'),
(78, 'Tata AIG', 'POL2023A078', '2027-09-21', 'GJ25PK4455'),
(79, 'ICICI Lombard', 'POL2023A079', '2026-07-05', 'WB09CS6677'),
(80, 'HDFC ERGO', 'POL2023A080', '2026-12-28', 'TS17BG1122'),

(81, 'Bajaj Allianz', 'POL2023A081', '2026-12-29', 'MH28RT5566'),
(82, 'SBI General', 'POL2023A082', '2027-04-14', 'KA15DL6677'),
(83, 'Reliance General', 'POL2023A083', '2026-11-22', 'BR06TT7788'),
(84, 'Tata AIG', 'POL2023A084', '2027-06-29', 'TN09GH3344'),
(85, 'ICICI Lombard', 'POL2023A085', '2026-03-14', 'KL17LK9988'),
(86, 'HDFC ERGO', 'POL2023A086', '2026-10-17', 'UP44AP4455'),
(87, 'Bajaj Allianz', 'POL2023A087', '2027-08-11', 'MH05XV7788'),
(88, 'SBI General', 'POL2023A088', '2026-12-22', 'GJ08RT6677'),
(89, 'Reliance General', 'POL2023A089', '2026-09-13', 'TS22RF8899'),
(90, 'Tata AIG', 'POL2023A090', '2027-01-29', 'KA52PG2233'),

(91, 'ICICI Lombard', 'POL2023A091', '2026-05-20', 'WB13LP4455'),
(92, 'HDFC ERGO', 'POL2023A092', '2026-11-28', 'MH33JK7788'),
(93, 'Bajaj Allianz', 'POL2023A093', '2027-04-18', 'UP40NT5566'),
(94, 'SBI General', 'POL2023A094', '2026-07-11', 'TN15FG3344'),
(95, 'Reliance General', 'POL2023A095', '2027-03-23', 'KL27BG6677'),
(96, 'Tata AIG', 'POL2023A096', '2026-09-30', 'KA07JM9988'),
(97, 'ICICI Lombard', 'POL2023A097', '2027-05-12', 'TS13QW6677'),
(98, 'HDFC ERGO', 'POL2023A098', '2026-09-16', 'MH26LK8899'),
(99, 'Bajaj Allianz', 'POL2023A099', '2026-12-25', 'GJ19DM5566'),
(100, 'SBI General', 'POL2023A100', '2027-02-08', 'DL03CV4455');
